Position,Const,Created,Modified,Description,Title,URL,Title Type,IMDb Rating,Runtime (mins),Year,Genres,Num Votes,Release Date,Directors,Your Rating,Date Rated
1,tt0108778,2020-10-05,2020-10-05,,Friends,https://www.imdb.com/title/tt0108778/,tvSeries,8.9,22,1994,"Comedy, Romance",843191,1994-09-22,,7,2020-12-19
2,tt7550000,2020-10-05,2020-10-05,,Project Power,https://www.imdb.com/title/tt7550000/,movie,6.0,113,2020,"Action, Crime, Sci-Fi, Thriller",73257,2020-08-14,"Henry Joost, Ariel Schulman",,
3,tt7286456,2020-10-05,2020-10-05,,Joker,https://www.imdb.com/title/tt7286456/,movie,8.4,122,2019,"Crime, Drama, Thriller",982678,2019-08-31,Todd Phillips,6,2020-12-19
4,tt8946378,2020-10-05,2020-10-05,,Knives Out,https://www.imdb.com/title/tt8946378/,movie,7.9,130,2019,"Comedy, Crime, Drama, Mystery, Thriller",481465,2019-09-07,Rian Johnson,,
5,tt0468569,2020-10-05,2020-10-05,,The Dark Knight,https://www.imdb.com/title/tt0468569/,movie,9.0,152,2008,"Action, Crime, Drama, Thriller",2342276,2008-07-14,Christopher Nolan,9,2020-12-19
6,tt1375666,2020-10-05,2020-10-05,,Inception,https://www.imdb.com/title/tt1375666/,movie,8.8,148,2010,"Action, Adventure, Sci-Fi, Thriller",2100795,2010-07-08,Christopher Nolan,9,2020-12-19
7,tt0816692,2020-10-05,2020-10-05,,Interstellar,https://www.imdb.com/title/tt0816692/,movie,8.6,169,2014,"Adventure, Drama, Sci-Fi",1545153,2014-10-26,Christopher Nolan,9,2020-12-19
8,tt8367814,2020-10-05,2020-10-05,,The Gentlemen,https://www.imdb.com/title/tt8367814/,movie,7.8,113,2019,"Action, Comedy, Crime",257404,2019-12-03,Guy Ritchie,,
9,tt0903747,2020-10-05,2020-10-05,,Breaking Bad,https://www.imdb.com/title/tt0903747/,tvSeries,9.5,49,2008,"Crime, Drama, Thriller",1496150,2008-01-20,,10,2020-12-19
10,tt0109830,2020-10-05,2020-10-05,,Forrest Gump,https://www.imdb.com/title/tt0109830/,movie,8.8,142,1994,"Drama, Romance",1839820,1994-06-23,Robert Zemeckis,9,2020-12-19
11,tt0137523,2020-10-05,2020-10-05,,Fight Club,https://www.imdb.com/title/tt0137523/,movie,8.8,139,1999,Drama,1882101,1999-09-10,David Fincher,8,2020-12-19
12,tt2584384,2020-10-05,2020-10-05,,Jojo Rabbit,https://www.imdb.com/title/tt2584384/,movie,7.9,108,2019,"Comedy, Drama, War",313801,2019-09-08,Taika Waititi,,
13,tt1950186,2020-10-05,2020-10-05,,Ford v Ferrari,https://www.imdb.com/title/tt1950186/,movie,8.1,152,2019,"Action, Biography, Drama, Sport",307486,2019-08-30,James Mangold,,
14,tt7131622,2020-10-05,2020-10-05,,Once Upon a Time... in Hollywood,https://www.imdb.com/title/tt7131622/,movie,7.6,161,2019,"Comedy, Drama",573252,2019-05-21,Quentin Tarantino,,
15,tt0114369,2020-10-05,2020-10-05,,Se7en,https://www.imdb.com/title/tt0114369/,movie,8.6,127,1995,"Crime, Drama, Mystery, Thriller",1468620,1995-09-15,David Fincher,8,2020-12-19
16,tt0110912,2020-10-05,2020-10-05,,Pulp Fiction,https://www.imdb.com/title/tt0110912/,movie,8.9,154,1994,"Crime, Drama",1852964,1994-05-21,Quentin Tarantino,8,2020-12-19
17,tt1345836,2020-10-05,2020-10-05,,The Dark Knight Rises,https://www.imdb.com/title/tt1345836/,movie,8.4,164,2012,"Action, Adventure",1537167,2012-07-16,Christopher Nolan,,
18,tt0993846,2020-10-05,2020-10-05,,The Wolf of Wall Street,https://www.imdb.com/title/tt0993846/,movie,8.2,180,2013,"Biography, Crime, Drama",1214315,2013-12-09,Martin Scorsese,,
19,tt0405422,2020-10-05,2020-10-05,,The 40 Year Old Virgin,https://www.imdb.com/title/tt0405422/,movie,7.1,116,2005,"Comedy, Romance",400568,2005-08-11,Judd Apatow,,
20,tt1637688,2020-10-05,2020-10-05,,In Time,https://www.imdb.com/title/tt1637688/,movie,6.7,109,2011,"Action, Sci-Fi, Thriller",374470,2011-10-20,Andrew Niccol,,
21,tt0144084,2020-10-05,2020-10-05,,American Psycho,https://www.imdb.com/title/tt0144084/,movie,7.6,101,2000,"Comedy, Crime, Drama",502532,2000-01-21,Mary Harron,,
22,tt0104694,2020-10-05,2020-10-05,,A League of Their Own,https://www.imdb.com/title/tt0104694/,movie,7.3,128,1992,"Comedy, Drama, Sport",95155,1992-07-01,Penny Marshall,,
23,tt0094737,2020-10-05,2020-10-05,,Big,https://www.imdb.com/title/tt0094737/,movie,7.3,104,1988,"Comedy, Drama, Fantasy, Romance",201892,1988-06-03,Penny Marshall,,
24,tt0338013,2020-10-05,2020-10-05,,Eternal Sunshine of the Spotless Mind,https://www.imdb.com/title/tt0338013/,movie,8.3,108,2004,"Drama, Romance, Sci-Fi",922860,2004-03-09,Michel Gondry,,
25,tt0110475,2020-10-05,2020-10-05,,The Mask,https://www.imdb.com/title/tt0110475/,movie,6.9,101,1994,"Action, Comedy, Crime, Fantasy",351183,1994-07-28,Chuck Russell,,
26,tt0109040,2020-10-05,2020-10-05,,Ace Ventura: Pet Detective,https://www.imdb.com/title/tt0109040/,movie,6.9,86,1994,Comedy,279885,1994-02-04,Tom Shadyac,,
27,tt0315327,2020-10-05,2020-10-05,,Bruce Almighty,https://www.imdb.com/title/tt0315327/,movie,6.8,101,2003,"Comedy, Fantasy",374946,2003-05-14,Tom Shadyac,,
28,tt0120382,2020-10-05,2020-10-05,,The Truman Show,https://www.imdb.com/title/tt0120382/,movie,8.1,103,1998,"Comedy, Drama",956136,1998-06-01,Peter Weir,,
29,tt0109686,2020-10-05,2020-10-05,,Dumb and Dumber,https://www.imdb.com/title/tt0109686/,movie,7.3,107,1994,Comedy,356385,1994-12-06,"Bobby Farrelly, Peter Farrelly",,
30,tt0339291,2020-10-05,2020-10-05,,A Series of Unfortunate Events,https://www.imdb.com/title/tt0339291/,movie,6.8,108,2004,"Adventure, Comedy, Family, Fantasy",197778,2004-12-16,Brad Silberling,,
31,tt3794354,2020-10-05,2020-10-05,,Sonic the Hedgehog,https://www.imdb.com/title/tt3794354/,movie,6.5,99,2020,"Action, Adventure, Comedy, Sci-Fi",95746,2020-01-25,Jeff Fowler,,
32,tt1068680,2020-10-05,2020-10-05,,Yes Man,https://www.imdb.com/title/tt1068680/,movie,6.8,104,2008,"Comedy, Romance",339033,2008-12-09,Peyton Reed,,
33,tt0112462,2020-10-05,2020-10-05,,Batman Forever,https://www.imdb.com/title/tt0112462/,movie,5.4,121,1995,"Action, Adventure",236956,1995-06-09,Joel Schumacher,,
34,tt7375404,2020-10-05,2020-10-05,,Kidding,https://www.imdb.com/title/tt7375404/,tvSeries,8.0,30,2018,"Comedy, Drama",16370,2018-08-31,,,
35,tt0119528,2020-10-05,2020-10-05,,Liar Liar,https://www.imdb.com/title/tt0119528/,movie,6.9,86,1997,"Comedy, Fantasy",284435,1997-03-18,Tom Shadyac,,
36,tt2096672,2020-10-05,2020-10-05,,Dumb and Dumber To,https://www.imdb.com/title/tt2096672/,movie,5.6,109,2014,Comedy,130081,2014-11-03,"Bobby Farrelly, Peter Farrelly",,
37,tt0112281,2020-10-05,2020-10-05,,Ace Ventura: When Nature Calls,https://www.imdb.com/title/tt0112281/,movie,6.4,90,1995,"Adventure, Comedy, Crime",204216,1995-11-08,Steve Oedekerk,,
38,tt0115798,2020-10-05,2020-10-05,,The Cable Guy,https://www.imdb.com/title/tt0115798/,movie,6.1,96,1996,"Comedy, Drama, Thriller",154736,1996-06-10,Ben Stiller,,
39,tt0183505,2020-10-05,2020-10-05,,"Me, Myself & Irene",https://www.imdb.com/title/tt0183505/,movie,6.6,116,2000,Comedy,224150,2000-06-15,"Bobby Farrelly, Peter Farrelly",,
40,tt0125664,2020-10-05,2020-10-05,,Man on the Moon,https://www.imdb.com/title/tt0125664/,movie,7.4,118,1999,"Biography, Comedy, Drama",125177,1999-12-07,Milos Forman,,
41,tt0481369,2020-10-05,2020-10-05,,The Number 23,https://www.imdb.com/title/tt0481369/,movie,6.4,98,2007,"Crime, Mystery, Thriller",194384,2007-02-13,Joel Schumacher,,
42,tt0369441,2020-10-05,2020-10-05,,Fun with Dick and Jane,https://www.imdb.com/title/tt0369441/,movie,6.2,90,2005,"Comedy, Crime",136825,2005-12-21,Dean Parisot,,
43,tt0407887,2020-10-05,2020-10-05,,The Departed,https://www.imdb.com/title/tt0407887/,movie,8.5,151,2006,"Crime, Drama, Thriller",1206825,2006-09-26,Martin Scorsese,4,2020-12-19
44,tt1130884,2020-10-05,2020-10-05,,Shutter Island,https://www.imdb.com/title/tt1130884/,movie,8.2,138,2010,"Mystery, Thriller",1151765,2010-02-13,Martin Scorsese,,
45,tt0264464,2020-10-05,2020-10-05,,Catch Me If You Can,https://www.imdb.com/title/tt0264464/,movie,8.1,141,2002,"Biography, Crime, Drama",849882,2002-12-16,Steven Spielberg,,
46,tt0108550,2020-10-05,2020-10-05,,What's Eating Gilbert Grape,https://www.imdb.com/title/tt0108550/,movie,7.8,118,1993,Drama,217911,1993-10-01,Lasse Hallström,,
47,tt0450259,2020-10-05,2020-10-05,,Blood Diamond,https://www.imdb.com/title/tt0450259/,movie,8.0,143,2006,"Adventure, Drama, Thriller",505132,2006-12-06,Edward Zwick,,
48,tt0959337,2020-10-05,2020-10-05,,Revolutionary Road,https://www.imdb.com/title/tt0959337/,movie,7.3,119,2008,"Drama, Romance",199725,2008-12-15,Sam Mendes,,
49,tt0162222,2020-10-05,2020-10-05,,Cast Away,https://www.imdb.com/title/tt0162222/,movie,7.8,143,2000,"Adventure, Drama, Romance",532979,2000-12-07,Robert Zemeckis,,
50,tt0120689,2020-10-05,2020-10-05,,The Green Mile,https://www.imdb.com/title/tt0120689/,movie,8.6,189,1999,"Crime, Drama, Fantasy, Mystery",1166777,1999-12-06,Frank Darabont,7,2020-12-19
51,tt1535109,2020-10-05,2020-10-05,,Captain Phillips,https://www.imdb.com/title/tt1535109/,movie,7.8,134,2013,"Adventure, Biography, Crime, Drama, Thriller",426359,2013-09-27,Paul Greengrass,,
52,tt6294822,2020-10-05,2020-10-05,,The Post,https://www.imdb.com/title/tt6294822/,movie,7.2,116,2017,Drama,138954,2017-12-14,Steven Spielberg,,
53,tt0128853,2020-10-05,2020-10-05,,You've Got Mail,https://www.imdb.com/title/tt0128853/,movie,6.7,119,1998,"Comedy, Drama, Romance",197853,1998-12-18,Nora Ephron,,
54,tt3263904,2020-10-05,2020-10-05,,Sully,https://www.imdb.com/title/tt3263904/,movie,7.4,96,2016,"Biography, Drama",242852,2016-09-02,Clint Eastwood,,
55,tt0362227,2020-10-05,2020-10-05,,The Terminal,https://www.imdb.com/title/tt0362227/,movie,7.4,128,2004,"Comedy, Drama, Romance",412994,2004-06-09,Steven Spielberg,,
56,tt0096734,2020-10-05,2020-10-05,,The 'Burbs,https://www.imdb.com/title/tt0096734/,movie,6.9,102,1989,"Comedy, Mystery, Thriller",69657,1989-02-17,Joe Dante,,
57,tt0114746,2020-10-05,2020-10-05,,Twelve Monkeys,https://www.imdb.com/title/tt0114746/,movie,8.0,129,1995,"Mystery, Sci-Fi, Thriller",583989,1995-12-08,Terry Gilliam,,
58,tt0356910,2020-10-05,2020-10-05,,Mr. & Mrs. Smith,https://www.imdb.com/title/tt0356910/,movie,6.5,120,2005,"Action, Comedy, Crime, Thriller",454827,2005-06-07,Doug Liman,,
59,tt0421715,2020-10-05,2020-10-05,,The Curious Case of Benjamin Button,https://www.imdb.com/title/tt0421715/,movie,7.8,166,2008,"Drama, Fantasy, Romance",597132,2008-12-10,David Fincher,,
60,tt0208092,2020-10-05,2020-10-05,,Snatch,https://www.imdb.com/title/tt0208092/,movie,8.3,104,2000,"Comedy, Crime",791049,2000-08-23,Guy Ritchie,,
61,tt0405159,2020-10-05,2020-10-05,,Million Dollar Baby,https://www.imdb.com/title/tt0405159/,movie,8.1,132,2004,"Drama, Sport",643167,2004-12-05,Clint Eastwood,,
62,tt0097239,2020-10-05,2020-10-05,,Driving Miss Daisy,https://www.imdb.com/title/tt0097239/,movie,7.3,99,1989,Drama,100903,1989-12-11,Bruce Beresford,,
63,tt0105695,2020-10-05,2020-10-05,,Unforgiven,https://www.imdb.com/title/tt0105695/,movie,8.2,130,1992,"Drama, Western",380714,1992-08-03,Clint Eastwood,,
64,tt0829482,2020-10-05,2020-10-05,,Superbad,https://www.imdb.com/title/tt0829482/,movie,7.6,113,2007,Comedy,526911,2007-08-17,Greg Mottola,,
65,tt0075314,2020-10-05,2020-10-05,,Taxi Driver,https://www.imdb.com/title/tt0075314/,movie,8.2,114,1976,"Crime, Drama",736896,1976-02-08,Martin Scorsese,,
66,tt1396218,2020-10-05,2020-10-05,,Mr. Popper's Penguins,https://www.imdb.com/title/tt1396218/,movie,6.0,94,2011,"Comedy, Family, Fantasy",89461,2011-06-16,Mark Waters,,
67,tt0478311,2020-10-05,2020-10-05,,Knocked Up,https://www.imdb.com/title/tt0478311/,movie,6.9,129,2007,"Comedy, Romance",353279,2007-03-12,Judd Apatow,,
68,tt0361862,2020-10-05,2020-10-05,,The Machinist,https://www.imdb.com/title/tt0361862/,movie,7.7,101,2004,"Drama, Thriller",362361,2004-01-18,Brad Anderson,,
69,tt2872718,2020-10-05,2020-10-05,,Nightcrawler,https://www.imdb.com/title/tt2872718/,movie,7.8,117,2014,"Crime, Drama, Thriller",476029,2014-09-05,Dan Gilroy,,
70,tt2024544,2020-10-05,2020-10-05,,12 Years a Slave,https://www.imdb.com/title/tt2024544/,movie,8.1,134,2013,"Biography, Drama, History",649358,2013-08-30,Steve McQueen,,
71,tt0120586,2020-10-05,2020-10-05,,American History X,https://www.imdb.com/title/tt0120586/,movie,8.5,119,1998,Drama,1045681,1998-07-01,Tony Kaye,7,2020-12-19
72,tt1045772,2020-10-05,2020-10-05,,I Love You Phillip Morris,https://www.imdb.com/title/tt1045772/,movie,6.6,102,2009,"Biography, Comedy, Crime, Drama, Romance",92053,2009-01-18,"Glenn Ficarra, John Requa",,
73,tt0443706,2020-10-05,2020-10-05,,Zodiac,https://www.imdb.com/title/tt0443706/,movie,7.7,157,2007,"Crime, Drama, Mystery, Thriller",476406,2007-02-28,David Fincher,,
74,tt2267998,2020-10-05,2020-10-05,,Gone Girl,https://www.imdb.com/title/tt2267998/,movie,8.1,149,2014,"Drama, Mystery, Thriller",876731,2014-09-26,David Fincher,,
75,tt0253474,2020-10-05,2020-10-05,,The Pianist,https://www.imdb.com/title/tt0253474/,movie,8.5,150,2002,"Biography, Drama, Music, War",743611,2002-05-24,Roman Polanski,6,2020-12-19
76,tt0454921,2020-10-05,2020-10-05,,The Pursuit of Happyness,https://www.imdb.com/title/tt0454921/,movie,8.0,117,2006,"Biography, Drama",455929,2006-12-15,Gabriele Muccino,,
77,tt0434409,2020-10-05,2020-10-05,,V for Vendetta,https://www.imdb.com/title/tt0434409/,movie,8.2,132,2005,"Action, Drama, Sci-Fi, Thriller",1044138,2005-12-11,James McTeigue,,
78,tt2140373,2020-10-05,2020-10-05,,Saving Mr. Banks,https://www.imdb.com/title/tt2140373/,movie,7.5,125,2013,"Biography, Comedy, Drama",153628,2013-10-20,John Lee Hancock,,
79,tt2278388,2020-10-05,2020-10-05,,The Grand Budapest Hotel,https://www.imdb.com/title/tt2278388/,movie,8.1,99,2014,"Adventure, Comedy, Crime",721797,2014-02-06,Wes Anderson,,
80,tt0169547,2020-10-05,2020-10-05,,American Beauty,https://www.imdb.com/title/tt0169547/,movie,8.3,122,1999,Drama,1080884,1999-09-08,Sam Mendes,,
81,tt0265208,2020-10-05,2020-10-05,,The Girl Next Door,https://www.imdb.com/title/tt0265208/,movie,6.7,109,2004,"Comedy, Drama, Romance",203689,2004-02-18,Luke Greenfield,,
82,tt0081505,2020-10-05,2020-10-05,,The Shining,https://www.imdb.com/title/tt0081505/,movie,8.4,146,1980,"Drama, Horror",912198,1980-05-23,Stanley Kubrick,,
83,tt1431045,2020-10-05,2020-10-05,,Deadpool,https://www.imdb.com/title/tt1431045/,movie,8.0,108,2016,"Action, Adventure, Comedy, Sci-Fi",916427,2016-01-21,Tim Miller,,
84,tt0482571,2020-10-05,2020-10-05,,The Prestige,https://www.imdb.com/title/tt0482571/,movie,8.5,130,2006,"Drama, Mystery, Sci-Fi, Thriller",1208664,2006-10-17,Christopher Nolan,8,2020-12-19
85,tt0118715,2020-10-05,2020-10-05,,The Big Lebowski,https://www.imdb.com/title/tt0118715/,movie,8.1,117,1998,"Comedy, Crime, Sport",741733,1998-01-18,"Ethan Coen, Joel Coen",,
86,tt0209144,2020-10-05,2020-10-05,,Memento,https://www.imdb.com/title/tt0209144/,movie,8.4,113,2000,"Mystery, Thriller",1139614,2000-09-05,Christopher Nolan,,
87,tt0325980,2020-10-05,2020-10-05,,Pirates of the Caribbean: The Curse of the Black Pearl,https://www.imdb.com/title/tt0325980/,movie,8.0,143,2003,"Action, Adventure, Fantasy",1023268,2003-06-28,Gore Verbinski,,
88,tt0114814,2020-10-05,2020-10-05,,The Usual Suspects,https://www.imdb.com/title/tt0114814/,movie,8.5,106,1995,"Crime, Mystery, Thriller",1003141,1995-01-25,Bryan Singer,8,2020-12-19
89,tt7653254,2020-10-05,2020-10-05,,Marriage Story,https://www.imdb.com/title/tt7653254/,movie,7.9,137,2019,"Comedy, Drama, Romance",255896,2019-08-29,Noah Baumbach,,
90,tt0050083,2020-10-05,2020-10-05,,12 Angry Men,https://www.imdb.com/title/tt0050083/,movie,9.0,96,1957,"Crime, Drama",702227,1957-04-10,Sidney Lumet,8,2020-12-19
91,tt0105323,2020-10-05,2020-10-05,,Scent of a Woman,https://www.imdb.com/title/tt0105323/,movie,8.0,156,1992,Drama,268685,1992-12-23,Martin Brest,,
92,tt0758758,2020-10-05,2020-10-05,,Into the Wild,https://www.imdb.com/title/tt0758758/,movie,8.1,148,2007,"Adventure, Biography, Drama",580908,2007-09-01,Sean Penn,,
93,tt0382932,2020-10-05,2020-10-05,,Ratatouille,https://www.imdb.com/title/tt0382932/,movie,8.0,111,2007,"Animation, Adventure, Comedy, Family, Fantasy",650576,2007-06-22,"Brad Bird, Jan Pinkava",,
94,tt2543472,2020-10-05,2020-10-05,,Wonder,https://www.imdb.com/title/tt2543472/,movie,8.0,113,2017,"Drama, Family",145932,2017-11-14,Stephen Chbosky,,
95,tt0198781,2020-10-05,2020-10-05,,"Monsters, Inc.",https://www.imdb.com/title/tt0198781/,movie,8.1,92,2001,"Animation, Adventure, Comedy, Family, Fantasy",826446,2001-10-28,"Pete Docter, David Silverman, Lee Unkrich",,
96,tt0790636,2020-10-05,2020-10-05,,Dallas Buyers Club,https://www.imdb.com/title/tt0790636/,movie,8.0,117,2013,"Biography, Drama",448548,2013-09-07,Jean-Marc Vallée,,
97,tt3011894,2020-10-05,2020-10-05,,Relatos salvajes,https://www.imdb.com/title/tt3011894/,movie,8.1,122,2014,"Comedy, Drama, Thriller",180750,2014-05-17,Damián Szifron,,
98,tt1250777,2020-10-05,2020-10-05,,Kick-Ass,https://www.imdb.com/title/tt1250777/,movie,7.6,117,2010,"Action, Comedy, Crime",529023,2010-03-12,Matthew Vaughn,,
99,tt2562232,2020-10-05,2020-10-05,,Birdman or (The Unexpected Virtue of Ignorance),https://www.imdb.com/title/tt2562232/,movie,7.7,119,2014,"Comedy, Drama",587178,2014-08-27,Alejandro G. Iñárritu,,
100,tt0365748,2020-10-05,2020-10-05,,Shaun of the Dead,https://www.imdb.com/title/tt0365748/,movie,7.9,99,2004,"Comedy, Horror",517471,2004-03-29,Edgar Wright,,
101,tt0266543,2020-10-05,2020-10-05,,Finding Nemo,https://www.imdb.com/title/tt0266543/,movie,8.1,100,2003,"Animation, Adventure, Comedy, Family",960590,2003-05-18,"Andrew Stanton, Lee Unkrich",,
102,tt1637725,2020-10-05,2020-10-05,,Ted,https://www.imdb.com/title/tt1637725/,movie,6.9,106,2012,Comedy,574596,2012-06-29,Seth MacFarlane,,
103,tt0478087,2020-10-05,2020-10-05,,21,https://www.imdb.com/title/tt0478087/,movie,6.8,123,2008,"Crime, Drama, History, Thriller",231760,2008-03-07,Robert Luketic,,
104,tt0814314,2020-10-06,2020-10-06,,Seven Pounds,https://www.imdb.com/title/tt0814314/,movie,7.6,123,2008,Drama,288997,2008-12-19,Gabriele Muccino,,
105,tt1596363,2020-10-06,2020-10-06,,The Big Short,https://www.imdb.com/title/tt1596363/,movie,7.8,130,2015,"Biography, Comedy, Drama, History",373190,2015-11-12,Adam McKay,,
106,tt1800241,2020-10-06,2020-10-06,,American Hustle,https://www.imdb.com/title/tt1800241/,movie,7.2,138,2013,"Crime, Drama",453422,2013-12-12,David O. Russell,,
107,tt1723121,2020-10-06,2020-10-06,,We're the Millers,https://www.imdb.com/title/tt1723121/,movie,7.0,110,2013,"Comedy, Crime",408950,2013-08-03,Rawson Marshall Thurber,,
108,tt0088847,2020-10-06,2020-10-06,,The Breakfast Club,https://www.imdb.com/title/tt0088847/,movie,7.8,97,1985,"Comedy, Drama",361411,1985-02-07,John Hughes,,
109,tt8206668,2020-10-06,2020-10-06,,Bad Education,https://www.imdb.com/title/tt8206668/,movie,7.1,108,2019,"Biography, Comedy, Crime, Drama",34025,2019-09-08,Cory Finley,,
110,tt1570728,2020-10-06,2020-10-06,,"Crazy, Stupid, Love.",https://www.imdb.com/title/tt1570728/,movie,7.4,118,2011,"Comedy, Drama, Romance",480084,2011-07-19,"Glenn Ficarra, John Requa",,
111,tt6266538,2020-10-06,2020-10-06,,Vice,https://www.imdb.com/title/tt6266538/,movie,7.2,132,2018,"Biography, Comedy, Drama",126810,2018-12-12,Adam McKay,,
112,tt3799694,2020-10-06,2020-10-06,,The Nice Guys,https://www.imdb.com/title/tt3799694/,movie,7.4,116,2016,"Action, Comedy, Crime, Thriller",286889,2016-05-10,Shane Black,,
113,tt0449059,2020-10-06,2020-10-06,,Little Miss Sunshine,https://www.imdb.com/title/tt0449059/,movie,7.8,101,2006,"Comedy, Drama",444572,2006-01-20,"Jonathan Dayton, Valerie Faris",,
114,tt1306980,2020-10-06,2020-10-06,,50/50,https://www.imdb.com/title/tt1306980/,movie,7.6,100,2011,"Comedy, Drama, Romance",317332,2011-09-12,Jonathan Levine,,
115,tt0302886,2020-10-06,2020-10-06,,Old School,https://www.imdb.com/title/tt0302886/,movie,7.1,88,2003,Comedy,217116,2003-02-13,Todd Phillips,,
116,tt5814060,2020-10-06,2020-10-06,,The Nun,https://www.imdb.com/title/tt5814060/,movie,5.3,96,2018,"Horror, Mystery, Thriller",121190,2018-09-04,Corin Hardy,,
117,tt0151738,2020-10-06,2020-10-06,,Never Been Kissed,https://www.imdb.com/title/tt0151738/,movie,6.1,107,1999,"Comedy, Drama, Romance",84235,1999-03-30,Raja Gosnell,,
118,tt2194499,2020-10-06,2020-10-06,,About Time,https://www.imdb.com/title/tt2194499/,movie,7.8,123,2013,"Comedy, Drama, Fantasy, Romance, Sci-Fi",310944,2013-06-27,Richard Curtis,,
119,tt1025100,2020-10-06,2020-10-06,,Gemini Man,https://www.imdb.com/title/tt1025100/,movie,5.7,117,2019,"Action, Drama, Sci-Fi, Thriller",91831,2019-09-25,Ang Lee,,
120,tt2184339,2020-10-06,2020-10-06,,The Purge,https://www.imdb.com/title/tt2184339/,movie,5.7,85,2013,"Horror, Sci-Fi, Thriller",204644,2013-05-02,James DeMonaco,,
121,tt4094724,2020-10-06,2020-10-06,,The Purge: Election Year,https://www.imdb.com/title/tt4094724/,movie,6.0,108,2016,"Action, Horror, Sci-Fi, Thriller",91099,2016-06-29,James DeMonaco,,
122,tt6133466,2020-10-06,2020-10-06,,The First Purge,https://www.imdb.com/title/tt6133466/,movie,5.2,97,2018,"Action, Horror, Sci-Fi, Thriller",56165,2018-07-04,Gerard McMurray,,
123,tt1935179,2020-10-06,2020-10-06,,Mud,https://www.imdb.com/title/tt1935179/,movie,7.4,130,2012,Drama,170424,2012-05-26,Jeff Nichols,,
124,tt0117913,2020-10-06,2020-10-06,,A Time to Kill,https://www.imdb.com/title/tt0117913/,movie,7.5,149,1996,"Crime, Drama, Thriller",135597,1996-07-24,Joel Schumacher,,
125,tt0264616,2020-10-06,2020-10-06,,Frailty,https://www.imdb.com/title/tt0264616/,movie,7.2,100,2001,"Crime, Drama, Thriller",78187,2001-11-17,Bill Paxton,,
126,tt0142342,2020-10-06,2020-10-06,,Big Daddy,https://www.imdb.com/title/tt0142342/,movie,6.4,93,1999,"Comedy, Drama",201981,1999-06-17,Dennis Dugan,,
127,tt3890160,2020-10-06,2020-10-06,,Baby Driver,https://www.imdb.com/title/tt3890160/,movie,7.6,113,2017,"Action, Crime, Drama, Music, Thriller",449555,2017-03-11,Edgar Wright,,
128,tt4160708,2020-10-06,2020-10-06,,Don't Breathe,https://www.imdb.com/title/tt4160708/,movie,7.1,88,2016,"Crime, Horror, Thriller",226890,2016-03-12,Fede Alvarez,,
129,tt6472976,2020-10-06,2020-10-06,,Five Feet Apart,https://www.imdb.com/title/tt6472976/,movie,7.2,116,2019,"Drama, Romance",47152,2019-03-14,Justin Baldoni,,
130,tt2582846,2020-10-06,2020-10-06,,The Fault in Our Stars,https://www.imdb.com/title/tt2582846/,movie,7.7,126,2014,"Drama, Romance",348021,2014-05-16,Josh Boone,,
131,tt1860213,2020-10-06,2020-10-06,,Dirty Grandpa,https://www.imdb.com/title/tt1860213/,movie,5.9,102,2016,Comedy,115105,2016-01-20,Dan Mazer,,
132,tt0425061,2020-10-06,2020-10-06,,Get Smart,https://www.imdb.com/title/tt0425061/,movie,6.5,110,2008,"Action, Adventure, Comedy",205654,2008-06-19,Peter Segal,,
133,tt0790628,2020-10-06,2020-10-06,,The Incredible Burt Wonderstone,https://www.imdb.com/title/tt0790628/,movie,5.9,100,2013,Comedy,71144,2013-03-08,Don Scardino,,
134,tt0480242,2020-10-06,2020-10-06,,Dan in Real Life,https://www.imdb.com/title/tt0480242/,movie,6.7,98,2007,"Comedy, Drama, Romance",98191,2007-10-26,Peter Hedges,,
135,tt4550098,2020-10-06,2020-10-06,,Nocturnal Animals,https://www.imdb.com/title/tt4550098/,movie,7.5,116,2016,"Drama, Thriller",243894,2016-09-02,Tom Ford,,
136,tt0758752,2020-10-06,2020-10-06,,Love & Other Drugs,https://www.imdb.com/title/tt0758752/,movie,6.7,112,2010,"Comedy, Drama, Romance",183453,2010-11-04,Edward Zwick,,
137,tt2404463,2020-10-06,2020-10-06,,The Heat,https://www.imdb.com/title/tt2404463/,movie,6.6,117,2013,"Action, Comedy, Crime",163727,2013-06-23,Paul Feig,,
138,tt2975578,2020-10-08,2020-10-08,,The Purge: Anarchy,https://www.imdb.com/title/tt2975578/,movie,6.4,103,2014,"Action, Horror, Sci-Fi, Thriller",140051,2014-07-17,James DeMonaco,,
139,tt1457767,2020-10-08,2020-10-08,,The Conjuring,https://www.imdb.com/title/tt1457767/,movie,7.5,112,2013,"Horror, Mystery, Thriller",447956,2013-06-08,James Wan,,
140,tt9866072,2020-12-17,2020-12-17,,Holidate,https://www.imdb.com/title/tt9866072/,movie,6.1,104,2020,"Comedy, Romance",47941,2020-10-28,John Whitesell,,
141,tt0457939,2020-12-17,2020-12-17,,The Holiday,https://www.imdb.com/title/tt0457939/,movie,6.9,136,2006,"Comedy, Romance",254597,2006-11-29,Nancy Meyers,,
142,tt9484998,2020-12-17,2020-12-17,,Palm Springs,https://www.imdb.com/title/tt9484998/,movie,7.4,90,2020,"Comedy, Fantasy, Mystery, Romance",101300,2020-01-26,Max Barbakow,,
143,tt3783958,2020-12-17,2020-12-17,,La La Land,https://www.imdb.com/title/tt3783958/,movie,8.0,128,2016,"Comedy, Drama, Music, Musical, Romance",516161,2016-08-31,Damien Chazelle,,
144,tt0396269,2020-12-17,2020-12-17,,Wedding Crashers,https://www.imdb.com/title/tt0396269/,movie,6.9,119,2005,"Comedy, Romance",335253,2005-07-13,David Dobkin,,
145,tt0343660,2020-12-17,2020-12-17,,50 First Dates,https://www.imdb.com/title/tt0343660/,movie,6.8,99,2004,"Comedy, Drama, Romance",330608,2004-02-03,Peter Segal,,
146,tt0125439,2020-12-17,2020-12-17,,Notting Hill,https://www.imdb.com/title/tt0125439/,movie,7.1,124,1999,"Comedy, Drama, Romance",279736,1999-04-27,Roger Michell,,
147,tt0107048,2020-12-17,2020-12-17,,Groundhog Day,https://www.imdb.com/title/tt0107048/,movie,8.0,101,1993,"Comedy, Fantasy, Romance",584756,1993-02-04,Harold Ramis,,
148,tt1045658,2020-12-17,2020-12-17,,Silver Linings Playbook,https://www.imdb.com/title/tt1045658/,movie,7.7,122,2012,"Comedy, Drama, Romance",668339,2012-09-08,David O. Russell,,
149,tt0119822,2020-12-17,2020-12-17,,As Good as It Gets,https://www.imdb.com/title/tt0119822/,movie,7.7,139,1997,"Comedy, Drama, Romance",278634,1997-12-06,James L. Brooks,,
150,tt0243155,2020-12-17,2020-12-17,,Bridget Jones's Diary,https://www.imdb.com/title/tt0243155/,movie,6.7,97,2001,"Comedy, Drama, Romance",229001,2001-04-04,Sharon Maguire,,
151,tt2823054,2020-12-17,2020-12-17,,Mike and Dave Need Wedding Dates,https://www.imdb.com/title/tt2823054/,movie,6.0,98,2016,"Comedy, Romance",83573,2016-06-29,Jake Szymanski,,
152,tt0120888,2020-12-17,2020-12-17,,The Wedding Singer,https://www.imdb.com/title/tt0120888/,movie,6.8,97,1998,"Comedy, Music, Romance",136504,1998-02-12,Frank Coraci,,
153,tt3799232,2020-12-17,2020-12-17,,The Kissing Booth,https://www.imdb.com/title/tt3799232/,movie,6.0,105,2018,"Comedy, Romance",68900,2018-05-11,Vince Marcello,,
154,tt1041829,2020-12-17,2020-12-17,,The Proposal,https://www.imdb.com/title/tt1041829/,movie,6.7,108,2009,"Comedy, Drama, Romance",299526,2009-06-01,Anne Fletcher,,
155,tt1564367,2020-12-17,2020-12-17,,Just Go with It,https://www.imdb.com/title/tt1564367/,movie,6.4,117,2011,"Comedy, Romance",224201,2011-02-08,Dennis Dugan,,
156,tt2381941,2020-12-17,2020-12-17,,Focus,https://www.imdb.com/title/tt2381941/,movie,6.6,105,2015,"Comedy, Crime, Drama, Romance",222713,2015-02-11,"Glenn Ficarra, John Requa",,
157,tt1086772,2020-12-17,2020-12-17,,Blended,https://www.imdb.com/title/tt1086772/,movie,6.5,117,2014,"Comedy, Romance",121590,2014-05-19,Frank Coraci,,
158,tt0359950,2020-12-17,2020-12-17,,The Secret Life of Walter Mitty,https://www.imdb.com/title/tt0359950/,movie,7.3,114,2013,"Adventure, Comedy, Drama, Fantasy, Romance",296412,2013-10-05,Ben Stiller,,
159,tt1632708,2020-12-17,2020-12-17,,Friends with Benefits,https://www.imdb.com/title/tt1632708/,movie,6.5,109,2011,"Comedy, Romance",343812,2011-07-18,Will Gluck,,
160,tt0800039,2020-12-17,2020-12-17,,Forgetting Sarah Marshall,https://www.imdb.com/title/tt0800039/,movie,7.1,111,2008,"Comedy, Drama, Romance",267215,2008-03-10,Nicholas Stoller,,
161,tt0386588,2020-12-17,2020-12-17,,Hitch,https://www.imdb.com/title/tt0386588/,movie,6.6,118,2005,"Comedy, Romance",298392,2005-02-10,Andy Tennant,,
162,tt0251127,2020-12-17,2020-12-17,,How to Lose a Guy in 10 Days,https://www.imdb.com/title/tt0251127/,movie,6.4,116,2003,"Comedy, Romance",214762,2003-01-27,Donald Petrie,,
163,tt1142988,2020-12-17,2020-12-17,,The Ugly Truth,https://www.imdb.com/title/tt1142988/,movie,6.4,96,2009,"Comedy, Romance",206632,2009-07-16,Robert Luketic,,
164,tt9784456,2020-12-17,2020-12-17,,The Kissing Booth 2,https://www.imdb.com/title/tt9784456/,movie,5.8,134,2020,"Comedy, Romance",22081,2020-07-24,Vince Marcello,,
165,tt0317198,2020-12-17,2020-12-17,,Bridget Jones: The Edge of Reason,https://www.imdb.com/title/tt0317198/,movie,6.0,108,2004,"Comedy, Drama, Romance",107938,2004-10-28,Beeban Kidron,,
166,tt1473832,2020-12-25,2020-12-25,,Bridget Jones's Baby,https://www.imdb.com/title/tt1473832/,movie,6.5,123,2016,"Comedy, Drama, Romance",69768,2016-09-05,Sharon Maguire,,
167,tt0313737,2020-12-25,2020-12-25,,Two Weeks Notice,https://www.imdb.com/title/tt0313737/,movie,6.2,101,2002,"Comedy, Romance",109213,2002-12-12,Marc Lawrence,,
168,tt0343135,2020-12-25,2020-12-25,,Along Came Polly,https://www.imdb.com/title/tt0343135/,movie,6.0,90,2004,"Comedy, Romance",127447,2004-01-12,John Hamburg,,
169,tt0425123,2020-12-25,2020-12-25,,Just Like Heaven,https://www.imdb.com/title/tt0425123/,movie,6.7,95,2005,"Comedy, Drama, Fantasy, Romance",100340,2005-09-16,Mark Waters,,
170,tt0458413,2020-12-27,2020-12-27,,A Long Way Down,https://www.imdb.com/title/tt0458413/,movie,6.4,96,2014,"Comedy, Drama",31327,2014-02-10,Pascal Chaumeil,,
171,tt1670345,2020-12-27,2020-12-27,,Now You See Me,https://www.imdb.com/title/tt1670345/,movie,7.3,115,2013,"Crime, Mystery, Thriller",602699,2013-05-21,Louis Leterrier,,
172,tt0268978,2020-12-27,2020-12-27,,A Beautiful Mind,https://www.imdb.com/title/tt0268978/,movie,8.2,135,2001,"Biography, Drama",860486,2001-12-13,Ron Howard,,
173,tt10362466,2020-12-27,2020-12-27,,After We Collided,https://www.imdb.com/title/tt10362466/,movie,5.0,105,2020,"Drama, Romance",20704,2020-09-02,Roger Kumble,,
174,tt4126476,2020-12-27,2020-12-27,,After,https://www.imdb.com/title/tt4126476/,movie,5.3,105,2019,"Drama, Romance",41028,2019-04-10,Jenny Gage,,
175,tt0305224,2020-12-27,2020-12-27,,Anger Management,https://www.imdb.com/title/tt0305224/,movie,6.3,106,2003,Comedy,204677,2003-03-05,Peter Segal,,
176,tt1284575,2020-12-27,2020-12-27,,Bad Teacher,https://www.imdb.com/title/tt1284575/,movie,5.6,92,2011,"Comedy, Romance",194570,2011-06-17,Jake Kasdan,,
177,tt1731701,2020-12-27,2020-12-27,,Barely Lethal,https://www.imdb.com/title/tt1731701/,movie,5.4,96,2015,"Action, Comedy",20286,2015-04-23,Kyle Newman,,
178,tt1691916,2020-12-27,2020-12-27,,Before I Fall,https://www.imdb.com/title/tt1691916/,movie,6.5,98,2017,"Drama, Fantasy, Mystery",47200,2017-01-21,Ry Russo-Young,,
179,tt0119217,2020-12-27,2020-12-27,,Good Will Hunting,https://www.imdb.com/title/tt0119217/,movie,8.3,126,1997,"Drama, Romance",874722,1997-12-02,Gus Van Sant,,
180,tt1798709,2020-12-27,2020-12-27,,Her,https://www.imdb.com/title/tt1798709/,movie,8.0,126,2013,"Drama, Romance, Sci-Fi",549998,2013-10-12,Spike Jonze,,
181,tt1013743,2020-12-27,2020-12-27,,Knight and Day,https://www.imdb.com/title/tt1013743/,movie,6.3,109,2010,"Action, Adventure, Comedy",181918,2010-06-16,James Mangold,,
182,tt8179470,2020-12-27,2020-12-27,,Looks That Kill,https://www.imdb.com/title/tt8179470/,movie,6.3,92,2020,"Comedy, Drama, Romance",2372,2020-06-19,Kellen Moore,,
183,tt0325805,2020-12-27,2020-12-27,,Matchstick Men,https://www.imdb.com/title/tt0325805/,movie,7.3,116,2003,"Comedy, Crime, Drama, Thriller",124478,2003-09-02,Ridley Scott,,
184,tt2674426,2020-12-27,2020-12-27,,Me Before You,https://www.imdb.com/title/tt2674426/,movie,7.4,106,2016,"Drama, Romance",213643,2016-05-23,Thea Sharrock,,
185,tt0377092,2020-12-27,2020-12-27,,Mean Girls,https://www.imdb.com/title/tt0377092/,movie,7.0,97,2004,Comedy,340549,2004-04-19,Mark Waters,,
186,tt0369735,2020-12-27,2020-12-27,,Monster-in-Law,https://www.imdb.com/title/tt0369735/,movie,5.6,101,2005,"Comedy, Romance",57270,2005-05-05,Robert Luketic,,
187,tt3110958,2020-12-27,2020-12-27,,Now You See Me 2,https://www.imdb.com/title/tt3110958/,movie,6.5,129,2016,"Action, Adventure, Comedy, Crime, Mystery, Thriller",253838,2016-06-02,Jon M. Chu,,
188,tt1038919,2020-12-27,2020-12-27,,The Bounty Hunter,https://www.imdb.com/title/tt1038919/,movie,5.6,110,2010,"Action, Comedy, Romance",122346,2010-03-11,Andy Tennant,,
189,tt1259521,2020-12-27,2020-12-27,,The Cabin in the Woods,https://www.imdb.com/title/tt1259521/,movie,7.0,95,2011,"Horror, Mystery, Thriller",380651,2011-12-11,Drew Goddard,,
190,tt0332280,2020-12-27,2020-12-27,,The Notebook,https://www.imdb.com/title/tt0332280/,movie,7.8,123,2004,"Drama, Romance",527376,2004-05-20,Nick Cassavetes,,
191,tt1567437,2020-12-27,2020-12-27,,The Voices,https://www.imdb.com/title/tt1567437/,movie,6.4,103,2014,"Comedy, Crime, Fantasy, Horror, Thriller",53962,2014-01-19,Marjane Satrapi,,
192,tt8228288,2020-12-27,2020-12-27,,El hoyo,https://www.imdb.com/title/tt8228288/,movie,7.0,94,2019,"Horror, Sci-Fi, Thriller",173256,2019-09-06,Galder Gaztelu-Urrutia,,
193,tt0163651,2020-12-27,2020-12-27,,American Pie,https://www.imdb.com/title/tt0163651/,movie,7.0,95,1999,Comedy,379749,1999-07-07,"Paul Weitz, Chris Weitz",,
194,tt2316411,2020-12-28,2020-12-28,,Enemy,https://www.imdb.com/title/tt2316411/,movie,6.9,91,2013,"Drama, Mystery, Thriller",171751,2013-09-08,Denis Villeneuve,,
195,tt0172156,2020-12-28,2020-12-28,,Bad Boys II,https://www.imdb.com/title/tt0172156/,movie,6.6,147,2003,"Action, Comedy, Crime, Thriller",234051,2003-07-09,Michael Bay,,
196,tt1119646,2020-12-28,2020-12-28,,The Hangover,https://www.imdb.com/title/tt1119646/,movie,7.7,100,2009,Comedy,723930,2009-05-30,Todd Phillips,,
197,tt1411697,2020-12-28,2020-12-28,,The Hangover Part II,https://www.imdb.com/title/tt1411697/,movie,6.5,102,2011,Comedy,467668,2011-05-19,Todd Phillips,,
198,tt0095953,2020-12-28,2020-12-28,,Rain Man,https://www.imdb.com/title/tt0095953/,movie,8.0,133,1988,Drama,478432,1988-12-12,Barry Levinson,,
199,tt0112442,2020-12-30,2020-12-30,,Bad Boys,https://www.imdb.com/title/tt0112442/,movie,6.9,119,1995,"Action, Comedy, Crime, Thriller",243214,1995-04-06,Michael Bay,,
200,tt0780504,2020-12-31,2020-12-31,,Drive,https://www.imdb.com/title/tt0780504/,movie,7.8,100,2011,"Crime, Drama",579180,2011-05-20,Nicolas Winding Refn,,
201,tt0389860,2020-12-31,2020-12-31,,Click,https://www.imdb.com/title/tt0389860/,movie,6.4,107,2006,"Comedy, Drama, Fantasy, Romance",308817,2006-06-14,Frank Coraci,,
202,tt0988595,2021-01-01,2021-01-01,,27 Dresses,https://www.imdb.com/title/tt0988595/,movie,6.1,111,2008,"Comedy, Romance",155572,2008-01-09,Anne Fletcher,,
203,tt1055292,2021-01-01,2021-01-01,,Life as We Know It,https://www.imdb.com/title/tt1055292/,movie,6.5,115,2010,"Comedy, Drama, Romance",124108,2010-10-02,Greg Berlanti,,
204,tt0139654,2021-01-03,2021-01-03,,Training Day,https://www.imdb.com/title/tt0139654/,movie,7.7,122,2001,"Crime, Drama, Thriller",397656,2001-09-02,Antoine Fuqua,,
205,tt0889573,2021-01-03,2021-01-03,,The Switch,https://www.imdb.com/title/tt0889573/,movie,6.1,101,2010,"Comedy, Drama, Romance",98927,2010-08-16,"Will Speck, Josh Gordon",,
206,tt0230030,2021-01-03,2021-01-03,,Bedazzled,https://www.imdb.com/title/tt0230030/,movie,6.0,93,2000,"Comedy, Fantasy",97859,2000-10-17,Harold Ramis,,
207,tt1279935,2021-01-03,2021-01-03,,Date Night,https://www.imdb.com/title/tt1279935/,movie,6.3,88,2010,"Comedy, Crime, Romance, Thriller",153638,2010-04-06,Shawn Levy,,
208,tt1033643,2021-01-03,2021-01-03,,What Happens in Vegas,https://www.imdb.com/title/tt1033643/,movie,6.1,99,2008,"Comedy, Romance",166239,2008-04-22,Tom Vaughan,,
209,tt3032476,2021-01-06,2021-01-06,,Better Call Saul,https://www.imdb.com/title/tt3032476/,tvSeries,8.7,46,2015,"Crime, Drama",333267,2015-02-08,,,
210,tt9243946,2021-01-07,2021-01-07,,El Camino: A Breaking Bad Movie,https://www.imdb.com/title/tt9243946/,movie,7.3,122,2019,"Action, Crime, Drama",190769,2019-10-07,Vince Gilligan,,
211,tt0470752,2021-01-10,2021-01-10,,Ex Machina,https://www.imdb.com/title/tt0470752/,movie,7.7,108,2014,"Drama, Sci-Fi, Thriller",480728,2014-12-16,Alex Garland,,
212,tt0455275,2021-01-12,2021-01-12,,Prison Break,https://www.imdb.com/title/tt0455275/,tvSeries,8.3,44,2005,"Action, Crime, Drama, Mystery, Thriller",482351,2005-08-29,,,
213,tt1840417,2021-01-12,2021-01-12,,The Words,https://www.imdb.com/title/tt1840417/,movie,7.0,102,2012,"Drama, Mystery, Romance, Thriller",75176,2012-01-27,"Brian Klugman, Lee Sternthal",,
214,tt1560747,2021-01-14,2021-01-14,,The Master,https://www.imdb.com/title/tt1560747/,movie,7.2,138,2012,Drama,157915,2012-09-01,Paul Thomas Anderson,,
215,tt0068646,2021-01-15,2021-01-15,,The Godfather,https://www.imdb.com/title/tt0068646/,movie,9.2,175,1972,"Crime, Drama",1647683,1972-03-14,Francis Ford Coppola,,
216,tt0277027,2021-01-15,2021-01-15,,I Am Sam,https://www.imdb.com/title/tt0277027/,movie,7.7,132,2001,Drama,143903,2001-12-03,Jessie Nelson,,
217,tt1563738,2021-01-17,2021-01-17,,One Day,https://www.imdb.com/title/tt1563738/,movie,7.0,107,2011,"Drama, Romance",140986,2011-08-08,Lone Scherfig,,
218,tt7939766,2021-01-17,2021-01-17,,I'm Thinking of Ending Things,https://www.imdb.com/title/tt7939766/,movie,6.6,134,2020,"Drama, Thriller",66605,2020-08-28,Charlie Kaufman,,
219,tt1375670,2021-01-17,2021-01-17,,Grown Ups,https://www.imdb.com/title/tt1375670/,movie,5.9,102,2010,Comedy,230760,2010-06-24,Dennis Dugan,,
220,tt1232200,2021-01-17,2021-01-17,,That's My Boy,https://www.imdb.com/title/tt1232200/,movie,5.5,116,2012,Comedy,92561,2012-06-04,Sean Anders,,
221,tt1683526,2021-01-17,2021-01-17,,Detachment,https://www.imdb.com/title/tt1683526/,movie,7.7,98,2011,Drama,78297,2011-04-25,Tony Kaye,,
222,tt0207201,2021-01-19,2021-01-19,,What Women Want,https://www.imdb.com/title/tt0207201/,movie,6.4,127,2000,"Comedy, Fantasy, Romance",193487,2000-12-13,Nancy Meyers,,
223,tt1675434,2021-01-20,2021-01-20,,Intouchables,https://www.imdb.com/title/tt1675434/,movie,8.5,112,2011,"Biography, Comedy, Drama",773960,2011-09-23,"Olivier Nakache, Éric Toledano",,
224,tt1051906,2021-01-21,2021-01-21,,The Invisible Man,https://www.imdb.com/title/tt1051906/,movie,7.1,124,2020,"Drama, Horror, Mystery, Sci-Fi, Thriller",177233,2020-02-24,Leigh Whannell,,
225,tt1232829,2021-01-21,2021-01-21,,21 Jump Street,https://www.imdb.com/title/tt1232829/,movie,7.2,109,2012,"Action, Comedy, Crime",515432,2012-03-12,"Christopher Miller, Phil Lord",,
226,tt2294449,2021-01-21,2021-01-21,,22 Jump Street,https://www.imdb.com/title/tt2294449/,movie,7.0,112,2014,"Action, Comedy, Crime",349377,2014-06-04,"Christopher Miller, Phil Lord",,
227,tt0112471,2021-01-21,2021-01-21,,Before Sunrise,https://www.imdb.com/title/tt0112471/,movie,8.1,101,1995,"Drama, Romance",277183,1995-01-19,Richard Linklater,,
228,tt0381681,2021-01-22,2021-01-22,,Before Sunset,https://www.imdb.com/title/tt0381681/,movie,8.1,80,2004,"Drama, Romance",240232,2004-02-10,Richard Linklater,,
229,tt1748122,2021-01-22,2021-01-22,,Moonrise Kingdom,https://www.imdb.com/title/tt1748122/,movie,7.8,94,2012,"Comedy, Drama, Romance",323181,2012-05-16,Wes Anderson,,
230,tt3281548,2021-01-22,2021-01-22,,Little Women,https://www.imdb.com/title/tt3281548/,movie,7.8,135,2019,"Drama, Romance",151545,2019-12-07,Greta Gerwig,,
231,tt0119654,2021-01-23,2021-01-23,,Men in Black,https://www.imdb.com/title/tt0119654/,movie,7.3,98,1997,"Action, Adventure, Comedy, Sci-Fi",520990,1997-06-25,Barry Sonnenfeld,,
232,tt4034228,2021-01-23,2021-01-23,,Manchester by the Sea,https://www.imdb.com/title/tt4034228/,movie,7.8,137,2016,Drama,251928,2016-01-23,Kenneth Lonergan,,
233,tt5027774,2021-01-23,2021-01-23,,"Three Billboards Outside Ebbing, Missouri",https://www.imdb.com/title/tt5027774/,movie,8.1,115,2017,"Comedy, Crime, Drama",444874,2017-09-04,Martin McDonagh,,
234,tt11464826,2021-01-23,2021-01-23,,The Social Dilemma,https://www.imdb.com/title/tt11464826/,movie,7.6,94,2020,"Documentary, Drama",68947,2020-01-26,Jeff Orlowski,,
235,tt0100449,2021-01-25,2021-01-25,,Quick Change,https://www.imdb.com/title/tt0100449/,movie,6.8,89,1990,"Comedy, Crime",19297,1990-07-13,"Howard Franklin, Bill Murray",,
236,tt1596350,2021-01-26,2021-01-26,,This Means War,https://www.imdb.com/title/tt1596350/,movie,6.3,103,2012,"Action, Comedy, Romance",177296,2012-01-30,McG,,
237,tt0151804,2021-01-26,2021-01-26,,Office Space,https://www.imdb.com/title/tt0151804/,movie,7.7,89,1999,Comedy,244795,1999-02-19,Mike Judge,,
238,tt1282140,2021-01-27,2021-01-27,,Easy A,https://www.imdb.com/title/tt1282140/,movie,7.0,92,2010,"Comedy, Drama, Romance",363380,2010-09-11,Will Gluck,,
239,tt5164214,2021-01-27,2021-01-27,,Ocean's Eight,https://www.imdb.com/title/tt5164214/,movie,6.9,110,2018,"Action, Comedy, Crime, Thriller",191962,2018-06-05,Gary Ross,,
240,tt1618434,2021-01-27,2021-01-27,,Murder Mystery,https://www.imdb.com/title/tt1618434/,movie,6.0,97,2019,"Action, Comedy, Crime, Mystery, Romance",106127,2019-06-14,Kyle Newacheck,,
241,tt0427229,2021-01-28,2021-01-28,,Failure to Launch,https://www.imdb.com/title/tt0427229/,movie,5.6,97,2006,"Comedy, Romance",75553,2006-03-10,Tom Dey,,
242,tt0452594,2021-01-28,2021-01-28,,The Break-Up,https://www.imdb.com/title/tt0452594/,movie,5.8,106,2006,"Comedy, Drama, Romance",126611,2006-05-22,Peyton Reed,,
243,tt0770752,2021-01-29,2021-01-29,,Fool's Gold,https://www.imdb.com/title/tt0770752/,movie,5.7,112,2008,"Action, Adventure, Comedy, Romance, Thriller",74747,2008-02-07,Andy Tennant,,
244,tt0337563,2021-01-29,2021-01-29,,13 Going on 30,https://www.imdb.com/title/tt0337563/,movie,6.2,98,2004,"Comedy, Fantasy, Romance",170344,2004-04-14,Gary Winick,,
245,tt0901476,2021-01-29,2021-01-29,,Bride Wars,https://www.imdb.com/title/tt0901476/,movie,5.5,89,2009,"Comedy, Romance",101364,2009-01-05,Gary Winick,,
246,tt0815236,2021-01-30,2021-01-30,,She's Out of My League,https://www.imdb.com/title/tt0815236/,movie,6.4,104,2010,"Comedy, Romance",128336,2010-03-11,Jim Field Smith,,
247,tt1216492,2021-01-30,2021-01-30,,Leap Year,https://www.imdb.com/title/tt1216492/,movie,6.5,100,2010,"Comedy, Romance",97091,2010-01-06,Anand Tucker,,
248,tt2209418,2021-01-30,2021-01-30,,Before Midnight,https://www.imdb.com/title/tt2209418/,movie,7.9,109,2013,"Drama, Romance",143910,2013-01-20,Richard Linklater,,
249,tt1022603,2021-01-30,2021-01-30,,(500) Days of Summer,https://www.imdb.com/title/tt1022603/,movie,7.7,95,2009,"Comedy, Drama, Romance",476806,2009-01-17,Marc Webb,,
250,tt0120338,2021-01-31,2021-01-31,,Titanic,https://www.imdb.com/title/tt0120338/,movie,7.8,194,1997,"Drama, Romance",1060562,1997-11-01,James Cameron,,
251,tt0111161,2021-02-01,2021-02-01,,The Shawshank Redemption,https://www.imdb.com/title/tt0111161/,movie,9.3,142,1994,Drama,2378547,1994-09-10,Frank Darabont,,
252,tt0490204,2021-02-01,2021-02-01,,Reign Over Me,https://www.imdb.com/title/tt0490204/,movie,7.4,124,2007,Drama,93398,2007-03-20,Mike Binder,,
253,tt0416508,2021-02-02,2021-02-02,,Becoming Jane,https://www.imdb.com/title/tt0416508/,movie,7.0,120,2007,"Biography, Drama, Romance",58790,2007-03-02,Julian Jarrold,,
254,tt8623904,2021-02-02,2021-02-02,,Last Christmas,https://www.imdb.com/title/tt8623904/,movie,6.5,103,2019,"Comedy, Drama, Romance",56856,2019-11-07,Paul Feig,,
255,tt5109784,2021-02-02,2021-02-02,,Mother!,https://www.imdb.com/title/tt5109784/,movie,6.6,121,2017,"Drama, Horror, Mystery",194828,2017-09-05,Darren Aronofsky,,
256,tt0240772,2021-02-02,2021-02-02,,Ocean's Eleven,https://www.imdb.com/title/tt0240772/,movie,7.7,116,2001,"Crime, Thriller",522937,2001-12-05,Steven Soderbergh,,
257,tt2361509,2021-02-02,2021-02-02,,The Intern,https://www.imdb.com/title/tt2361509/,movie,7.1,121,2015,"Comedy, Drama",225605,2015-09-15,Nancy Meyers,,
258,tt1659337,2021-02-02,2021-02-02,,The Perks of Being a Wallflower,https://www.imdb.com/title/tt1659337/,movie,8.0,103,2012,"Drama, Romance",468561,2012-09-08,Stephen Chbosky,,
259,tt1853728,2021-02-02,2021-02-02,,Django Unchained,https://www.imdb.com/title/tt1853728/,movie,8.4,165,2012,"Drama, Western",1380657,2012-12-11,Quentin Tarantino,,
260,tt0477348,2021-02-02,2021-02-02,,No Country for Old Men,https://www.imdb.com/title/tt0477348/,movie,8.1,122,2007,"Crime, Drama, Thriller",871292,2007-05-19,"Ethan Coen, Joel Coen",,
261,tt1392214,2021-02-02,2021-02-02,,Prisoners,https://www.imdb.com/title/tt1392214/,movie,8.1,153,2013,"Crime, Drama, Mystery, Thriller",612859,2013-08-30,Denis Villeneuve,,
262,tt6723592,2021-02-02,2021-02-02,,Tenet,https://www.imdb.com/title/tt6723592/,movie,7.5,150,2020,"Action, Sci-Fi, Thriller",331736,2020-08-22,Christopher Nolan,,
263,tt9686708,2021-02-02,2021-02-02,,The King of Staten Island,https://www.imdb.com/title/tt9686708/,movie,7.1,136,2020,"Comedy, Drama",44152,2020-06-12,Judd Apatow,,
264,tt1504320,2021-02-02,2021-02-02,,The King's Speech,https://www.imdb.com/title/tt1504320/,movie,8.0,118,2010,"Biography, Drama, History",645828,2010-09-06,Tom Hooper,,
265,tt0211915,2021-02-02,2021-02-02,,Le fabuleux destin d'Amélie Poulain,https://www.imdb.com/title/tt0211915/,movie,8.3,122,2001,"Comedy, Romance",711046,2001-04-25,Jean-Pierre Jeunet,,
266,tt0108160,2021-02-05,2021-02-05,,Sleepless in Seattle,https://www.imdb.com/title/tt0108160/,movie,6.8,105,1993,"Comedy, Drama, Romance",162649,1993-06-25,Nora Ephron,,
267,tt0832266,2021-02-09,2021-02-09,,"Definitely, Maybe",https://www.imdb.com/title/tt0832266/,movie,7.1,112,2008,"Comedy, Drama, Romance",156889,2008-01-24,Adam Brooks,,
268,tt0280590,2021-02-09,2021-02-09,,Mr. Deeds,https://www.imdb.com/title/tt0280590/,movie,5.8,96,2002,"Comedy, Romance",137492,2002-06-28,Steven Brill,,
269,tt0114924,2021-02-10,2021-02-10,,While You Were Sleeping,https://www.imdb.com/title/tt0114924/,movie,6.7,103,1995,"Comedy, Drama, Romance",93492,1995-04-09,Jon Turteltaub,,
270,tt0098635,2021-02-12,2021-02-12,,When Harry Met Sally...,https://www.imdb.com/title/tt0098635/,movie,7.6,95,1989,"Comedy, Drama, Romance",198354,1989-07-12,Rob Reiner,,
271,tt0099892,2021-02-12,2021-02-12,,Joe Versus the Volcano,https://www.imdb.com/title/tt0099892/,movie,5.9,102,1990,"Comedy, Romance",34884,1990-03-09,John Patrick Shanley,,
272,tt0272338,2021-02-13,2021-02-13,,Punch-Drunk Love,https://www.imdb.com/title/tt0272338/,movie,7.3,95,2002,"Comedy, Drama, Romance, Thriller",149705,2002-05-19,Paul Thomas Anderson,,
273,tt0119643,2021-02-13,2021-02-13,,Meet Joe Black,https://www.imdb.com/title/tt0119643/,movie,7.2,178,1998,"Drama, Fantasy, Romance",217740,1998-11-02,Martin Brest,,
274,tt1638002,2021-02-17,2021-02-17,,"Love, Rosie",https://www.imdb.com/title/tt1638002/,movie,7.2,102,2014,"Comedy, Romance",124623,2014-10-06,Christian Ditter,,
275,tt0129387,2021-02-23,2021-02-23,,There's Something About Mary,https://www.imdb.com/title/tt0129387/,movie,7.1,119,1998,"Comedy, Romance",293397,1998-07-15,"Bobby Farrelly, Peter Farrelly",,
276,tt2866360,2021-02-25,2021-02-25,,Coherence,https://www.imdb.com/title/tt2866360/,movie,7.2,89,2013,"Drama, Horror, Mystery, Sci-Fi, Thriller",111944,2013-09-19,James Ward Byrkit,,
277,tt3042408,2021-02-25,2021-02-25,,Who Am I - Kein System ist sicher,https://www.imdb.com/title/tt3042408/,movie,7.5,102,2014,"Crime, Drama, Mystery, Sci-Fi, Thriller",50778,2014-09-06,Baran bo Odar,,
278,tt0088128,2021-02-25,2021-02-25,,Sixteen Candles,https://www.imdb.com/title/tt0088128/,movie,7.1,93,1984,"Comedy, Romance",106830,1984-05-04,John Hughes,,
279,tt0279113,2021-02-25,2021-02-25,,The Good Girl,https://www.imdb.com/title/tt0279113/,movie,6.3,93,2002,"Drama, Romance",43412,2002-01-12,Miguel Arteta,,
280,tt0100405,2021-02-28,2021-02-28,,Pretty Woman,https://www.imdb.com/title/tt0100405/,movie,7.0,119,1990,"Comedy, Romance",294613,1990-03-23,Garry Marshall,,
281,tt0088763,2021-03-02,2021-03-02,,Back to the Future,https://www.imdb.com/title/tt0088763/,movie,8.5,116,1985,"Adventure, Comedy, Sci-Fi",1075166,1985-07-03,Robert Zemeckis,,
282,tt0096874,2021-03-02,2021-03-02,,Back to the Future Part II,https://www.imdb.com/title/tt0096874/,movie,7.8,108,1989,"Adventure, Comedy, Sci-Fi",487702,1989-11-20,Robert Zemeckis,,
283,tt0099088,2021-03-02,2021-03-02,,Back to the Future Part III,https://www.imdb.com/title/tt0099088/,movie,7.4,118,1990,"Adventure, Comedy, Sci-Fi, Western",410496,1990-05-25,Robert Zemeckis,,
284,tt0252866,2021-03-02,2021-03-02,,American Pie 2,https://www.imdb.com/title/tt0252866/,movie,6.4,108,2001,Comedy,242088,2001-08-06,J.B. Rogers,,
285,tt0328828,2021-03-02,2021-03-02,,American Wedding,https://www.imdb.com/title/tt0328828/,movie,6.3,96,2003,Comedy,196172,2003-07-24,Jesse Dylan,,
286,tt1915581,2021-03-06,2021-03-06,,Magic Mike,https://www.imdb.com/title/tt1915581/,movie,6.1,110,2012,"Comedy, Drama",132466,2012-06-24,Steven Soderbergh,,
287,tt0119738,2021-03-07,2021-03-07,,My Best Friend's Wedding,https://www.imdb.com/title/tt0119738/,movie,6.3,105,1997,"Comedy, Drama, Romance",131652,1997-06-20,P.J. Hogan,,
288,tt1046163,2021-03-09,2021-03-09,,My Best Friend's Girl,https://www.imdb.com/title/tt1046163/,movie,5.9,101,2008,"Comedy, Romance",42838,2008-09-16,Howard Deutch,,
289,tt0212338,2021-03-13,2021-03-13,,Meet the Parents,https://www.imdb.com/title/tt0212338/,movie,7.0,108,2000,"Comedy, Romance",313678,2000-10-06,Jay Roach,,
290,tt2704998,2021-03-13,2021-03-13,,Game Night,https://www.imdb.com/title/tt2704998/,movie,6.9,100,2018,"Action, Comedy, Crime, Thriller",211247,2018-02-15,"Jonathan Goldstein, John Francis Daley",,
291,tt0433400,2021-03-14,2021-03-14,,Just Friends,https://www.imdb.com/title/tt0433400/,movie,6.2,96,2005,"Comedy, Romance",107889,2005-11-23,Roger Kumble,,
292,tt1499658,2021-03-15,2021-03-15,,Horrible Bosses,https://www.imdb.com/title/tt1499658/,movie,6.9,98,2011,"Comedy, Crime",424596,2011-07-08,Seth Gordon,,
293,tt2170439,2021-03-15,2021-03-15,,Horrible Bosses 2,https://www.imdb.com/title/tt2170439/,movie,6.3,108,2014,"Comedy, Crime",160157,2014-11-12,Sean Anders,,
294,tt1931533,2021-03-16,2021-03-16,,Seven Psychopaths,https://www.imdb.com/title/tt1931533/,movie,7.2,110,2012,"Comedy, Crime",243701,2012-09-07,Martin McDonagh,,
295,tt0120601,2021-03-17,2021-03-17,,Being John Malkovich,https://www.imdb.com/title/tt0120601/,movie,7.7,113,1999,"Comedy, Drama, Fantasy",315798,1999-09-02,Spike Jonze,,
296,tt0795368,2021-03-17,2021-03-17,,Death at a Funeral,https://www.imdb.com/title/tt0795368/,movie,7.4,90,2007,Comedy,110619,2007-02-09,Frank Oz,,
297,tt0420223,2021-03-19,2021-03-19,,Stranger Than Fiction,https://www.imdb.com/title/tt0420223/,movie,7.5,113,2006,"Comedy, Drama, Fantasy, Romance",220575,2006-09-09,Marc Forster,,
298,tt0167404,2021-03-20,2021-03-20,,The Sixth Sense,https://www.imdb.com/title/tt0167404/,movie,8.1,107,1999,"Drama, Mystery, Thriller",920359,1999-08-02,M. Night Shyamalan,,
299,tt1197628,2021-03-26,2021-03-26,,Observe and Report,https://www.imdb.com/title/tt1197628/,movie,5.8,86,2009,"Comedy, Crime, Drama",61084,2009-03-16,Jody Hill,,
300,tt0945513,2021-03-30,2021-03-30,,Source Code,https://www.imdb.com/title/tt0945513/,movie,7.5,93,2011,"Action, Drama, Mystery, Sci-Fi, Thriller",489293,2011-03-11,Duncan Jones,,
301,tt1078588,2021-04-03,2021-04-03,,My Sister's Keeper,https://www.imdb.com/title/tt1078588/,movie,7.4,109,2009,"Drama, Family",90120,2009-06-26,Nick Cassavetes,,
302,tt8707922,2021-04-07,2021-04-07,,Can You Keep a Secret?,https://www.imdb.com/title/tt8707922/,movie,5.3,94,2019,"Comedy, Romance",11659,2019-08-16,Elise Durán,,
303,tt7040874,2021-04-07,2021-04-07,,A Simple Favor,https://www.imdb.com/title/tt7040874/,movie,6.8,117,2018,"Comedy, Crime, Mystery, Thriller",132231,2018-09-10,Paul Feig,,
304,tt0147800,2021-04-07,2021-04-07,,10 Things I Hate About You,https://www.imdb.com/title/tt0147800/,movie,7.3,97,1999,"Comedy, Drama, Romance",302992,1999-03-31,Gil Junger,,
305,tt0884328,2021-04-09,2021-04-09,,The Mist,https://www.imdb.com/title/tt0884328/,movie,7.1,126,2007,"Horror, Sci-Fi, Thriller",283724,2007-11-12,Frank Darabont,,
306,tt0314331,2021-04-09,2021-04-09,,Love Actually,https://www.imdb.com/title/tt0314331/,movie,7.6,135,2003,"Comedy, Drama, Romance",440431,2003-11-06,Richard Curtis,,
307,tt0458352,2021-04-10,2021-04-10,,The Devil Wears Prada,https://www.imdb.com/title/tt0458352/,movie,6.9,109,2006,"Comedy, Drama",377192,2006-06-19,David Frankel,,
308,tt2234155,2021-04-10,2021-04-10,,The Internship,https://www.imdb.com/title/tt2234155/,movie,6.3,119,2013,Comedy,191203,2013-05-29,Shawn Levy,,
309,tt1411238,2021-04-11,2021-04-11,,No Strings Attached,https://www.imdb.com/title/tt1411238/,movie,6.2,108,2011,"Comedy, Romance",215977,2011-01-11,Ivan Reitman,,
310,tt5783956,2021-04-11,2021-04-11,,When We First Met,https://www.imdb.com/title/tt5783956/,movie,6.4,97,2018,"Comedy, Fantasy, Romance",43386,2018-02-09,Ari Sandel,,
311,tt1488555,2021-04-11,2021-04-11,,The Change-Up,https://www.imdb.com/title/tt1488555/,movie,6.3,112,2011,"Comedy, Fantasy",169506,2011-08-01,David Dobkin,,
312,tt2203939,2021-04-11,2021-04-11,,The Other Woman,https://www.imdb.com/title/tt2203939/,movie,6.0,109,2014,"Comedy, Romance",132129,2014-04-01,Nick Cassavetes,,
313,tt0838283,2021-04-12,2021-04-12,,Step Brothers,https://www.imdb.com/title/tt0838283/,movie,6.9,98,2008,Comedy,270987,2008-07-25,Adam McKay,,
314,tt1956620,2021-04-12,2021-04-12,,Sex Tape,https://www.imdb.com/title/tt1956620/,movie,5.1,94,2014,"Comedy, Romance",108267,2014-07-16,Jake Kasdan,,
315,tt2140619,2021-04-12,2021-04-12,,Two Night Stand,https://www.imdb.com/title/tt2140619/,movie,6.4,86,2014,"Comedy, Romance",66166,2014-09-25,Max Nichols,,
316,tt2387559,2021-04-12,2021-04-12,,Delivery Man,https://www.imdb.com/title/tt2387559/,movie,6.4,105,2013,"Comedy, Drama",75546,2013-11-03,Ken Scott,,
317,tt2205697,2021-04-14,2021-04-14,,Stuck in Love,https://www.imdb.com/title/tt2205697/,movie,7.2,97,2012,"Comedy, Drama, Romance",84458,2012-09-09,Josh Boone,,
318,tt1758830,2021-04-15,2021-04-15,,This Is 40,https://www.imdb.com/title/tt1758830/,movie,6.2,134,2012,"Comedy, Romance",129414,2012-12-20,Judd Apatow,,
319,tt1583420,2021-04-15,2021-04-15,,Larry Crowne,https://www.imdb.com/title/tt1583420/,movie,6.1,98,2011,"Comedy, Drama, Romance",64181,2011-06-27,Tom Hanks,,
320,tt0209475,2021-04-15,2021-04-15,,The Wedding Planner,https://www.imdb.com/title/tt0209475/,movie,5.3,103,2001,"Comedy, Romance",77250,2001-01-26,Adam Shankman,,
321,tt5304992,2021-04-16,2021-04-16,,Set It Up,https://www.imdb.com/title/tt5304992/,movie,6.5,105,2018,"Comedy, Romance",44188,2018-06-12,Claire Scanlon,,
322,tt0290002,2021-04-16,2021-04-16,,Meet the Fockers,https://www.imdb.com/title/tt0290002/,movie,6.3,115,2004,"Comedy, Romance",254951,2004-12-16,Jay Roach,,
323,tt0117628,2021-04-16,2021-04-16,,She's the One,https://www.imdb.com/title/tt0117628/,movie,6.0,96,1996,"Comedy, Drama, Romance",16630,1996-08-13,Edward Burns,,
324,tt0102945,2021-04-17,2021-04-17,,Sleeping with the Enemy,https://www.imdb.com/title/tt0102945/,movie,6.3,99,1991,"Drama, Thriller",51094,1991-02-04,Joseph Ruben,,
325,tt0443465,2021-04-19,2021-04-19,,Before We Go,https://www.imdb.com/title/tt0443465/,movie,6.8,95,2014,"Comedy, Drama, Romance",53260,2014-09-12,Chris Evans,,
326,tt0822832,2021-04-20,2021-04-20,,Marley & Me,https://www.imdb.com/title/tt0822832/,movie,7.1,111,2008,"Comedy, Drama, Family",148344,2008-12-25,David Frankel,,
327,tt0103772,2021-04-21,2021-04-21,,Basic Instinct,https://www.imdb.com/title/tt0103772/,movie,7.0,127,1992,"Drama, Mystery, Thriller",181727,1992-03-20,Paul Verhoeven,,
328,tt4481414,2021-04-21,2021-04-21,,Gifted,https://www.imdb.com/title/tt4481414/,movie,7.6,101,2017,Drama,102428,2017-04-07,Marc Webb,,
329,tt0947798,2021-04-21,2021-04-21,,Black Swan,https://www.imdb.com/title/tt0947798/,movie,8.0,108,2010,"Drama, Thriller",707397,2010-09-01,Darren Aronofsky,,
330,tt0102926,2021-04-21,2021-04-21,,The Silence of the Lambs,https://www.imdb.com/title/tt0102926/,movie,8.6,118,1991,"Crime, Drama, Thriller",1291049,1991-01-30,Jonathan Demme,,
